Title,Artist,ID
Levitating feat. DaBaby,Dua Lipa,1
Save Your Tears Remix,The Weeknd,2
Blinding Lights,The Weeknd,3
Mood,24kGoldn,4
good 4 u,Olivia Rodrigo,5
Kiss Me More,Doja Cat,6
Leave The Door Open,Silk Sonic,7
Drivers License,Olivia Rodrigo,8
Montero,Lil Nas X,9
Peaches,Justin Bieber,10
Butter,BTS,11
Stay,The Kid LAROI,12
Deja Vu,Olivia Rodrigo,13
Positions,Ariana Grande,14
Bad Habits,Ed Sheeran,15
Heat Waves,Glass Animals,16
Without You,The Kid LAROI,17
Forever After All,Luke Combs,18
Go Crazy,Chris Brown,19
Astronaut In The Ocean,Masked Wolf,20
34+35,Ariana Grande,21
What You Know Bout Love,Pop Smoke,22
My Ex'S Best Friend,Machine Gun Kelly,23
Industry Baby,Lil Nas X,24
Therefore I Am,Billie Eilish,25
Up,Cardi B,26
Fancy Like,Walker Hayes,27
Dakiti,Bad Bunny,28
Best Friend,Saweetie,29
Rapstar,Polo G,30
Heartbreak Anniversary,Giveon,31
For The Night,Pop Smoke,32
Calling My Phone,Lil Tjay,33
Beautiful Mistakes,Maroon 5,34
Holy,Justin Bieber,35
On Me,Lil Baby,36
You Broke Me First,Tate McRae,37
Traitor,Olivia Rodrigo,38
Back In Blood,Pooh Shiesty,39
I Hope,Gabby Barrett,40
Dynamite,BTS,41
Wockesha,Ashanti,42
You Right,Doja Cat,43
Beat Box,SpotemGottem,44
Laugh Now Cry Later,Drake,45
Need To Know,Doja Cat,46
Wants And Needs,Drake,47
Way 2 Sexy,Drake,48
Telepatia,Kali Uchis,49
Whoopty,CJ,50
Lemonade,Gunna,51
Good Days,SZA,52
Starting Over,Chris Stapleton,53
Body,Megan Thee Stallion,54
Willow,Taylor Swift,55
Bang!,AJR,56
Better Together,Luke Combs,57
You're Mines Still,Yung Bleu,58
Every Chance I Get,DJ Khaled,59
Essence,Wizkid,60
Chasing After You,Maren Morris,61
The Good Ones,Gabby Barrett,62
Leave Before You Love Me,Jonas Brothers and Marshmello,63
Glad You Exist,Dan + Shay,64
Lonely,Justin Bieber,65
Beggin,Maneskin,66
Streets,Doja Cat,67
What's Next,Drake,68
Famous Friends,Chris Young,69
Lil Bit,Florida Georgia Line,70
Thot Shit,Megan Thee Stallion,71
Late At Night,Roddy Ricch,72
Kings & Queens,Ava Max,73
Anyone,Justin Bieber,74
Track Star,Mooski,75
Time Today,Moneybagg Yo,76
Cry Baby,Megan Thee Stallion,77
All I Want For Christmas Is You,Mariah Carey,78
No More Parties,Coi Leray,79
What's Your Country Song,Thomas Rhett,80
One Too Many,Keith Urban,81
Arcade,Duncan Laurence,82
Yonaguni,Bad Bunny,83
Good Time,Niko Moon,84
If I Didn't Love You,Jason Aldean,85
Knife Talk,Drake,86
POV,Ariana Grande,87
Just The Way,Parmalee,88
Take My Breath,The Weeknd,89
We're Good,Dua Lipa,90
Hell Of A View,Eric Church,91
Rockin' Around The Christmas Tree,Brenda Lee,92
Put Your Records On,Ritt Momney,93
Happier Than Ever,Billie Eilish,94
Single Saturday Night,Cole Swindell,95
Things A Man Oughta Know,Lainey Wilson,96
Throat Baby,BRS Kash,97
Tombstone,Rod Wave,98
Drinkin Beer. Talkin God. Amen.,Chase Rice,99
Todo De Ti,Rauw Alejandro,100
