Title,Artist,ID
Heat Waves,Glass Animals,1
Stay,The Kid LAROI,2
Super Gremlin,Kodak Black,3
abcdefu,Gayle,4
Ghost,Justin Bieber,5
We Don't Talk About Bruno,Encanto,6
Enemy,Imagine Dragons,7
THATS WHAT I WANT,Lil Nas X,8
Woman,Doja Cat,9
Easy On Me,Adele,10
Big Energy,Latto,11
Bad Habits,Ed Sheeran,12
Shivers,Ed Sheeran,13
Cold Heart PNAU Remix,Elton John,14
Need To Know,Doja Cat,15
Levitating Feat Dababy,Dua Lipa,16
Save Your Tears Remix,The Weeknd,17
Til You Cant,Cody Johnson,18
Pushin P,Future,19
One Right Now,Post Malone,20
Industry Baby,Lil Nas x,21
What Happened To Virgil,Encanto,22
I Hate U,SZA,23
Hrs And Hrs,Muni Long,24
Sweetest Pie,Dua Lipa,25
Mamiii,Becky G,26
good 4 u,Olivia Rodrigo,27
AHHH HA,Lil Durk,28
Light Switch,Charlie Puth,29
Doin' This,Luke Combs,30
You Right,Doja Cat,31
Fingers Crossed,Lauren Spencer-Smith,32
Buy Dirt,Jordan Davis,33
Bam Bam,Camila Cabello,34
Surface Pressure,Encanto,35
Fancy Like,Walker Hayes,36
Blick Blick,Coi Leray,37
Sand In My Boots,Morgan Wallen,38
Love Nwantiti,CKay,39
Never Say Never,Cole Swindell,40
AA,Walker Hayes,41
Boyfriend,Dove Cameron,42
Thinkin' With My Dick,Kevin Gates,43
Drunk,Elle King,44
Beers On Me,Dierks Bentley,45
Knife Talk,Drake,46
Broadway Girls,Lil Durk,47
Shes All I Wanna Be,Tate McRae,48
Numb Little Bug,Em Beihold,49
Nobody Like U,FINNEAS,50
The Motto,Tiësto,51
Slow Down Summer,Thomas Rhett,52
23,Sam Hunt,53
Peru,Fireboy DML,54
The Family Madrigal,Encanto,55
Handsomer,Russ,56
Sometimes,Juice WRLD,57
To Be Loved By You,Parker McCollum,58
Heart On Fire,Eric Church,59
Circles Around This Town,Maren Morris,60
Computer Murderers,Lil Durk,61
Petty Too,Lil Durk,62
Do We Have A Problem?,Lil Baby,63
To The Moon,Jnr Choi,64
Me or Sum,Nardo Wick,65
Nail Tech,Jack Harlow,66
Flower Shops,Ernest,67
No Interviews,Lil Durk,68
Never Wanted To Be That Girl,Ashley McBryde,69
Banking On Me,Gunna,70
Barbarian,Lil Durk,71
Beautiful Lies,Maroon 5,72
Bones,Imagine Dragons,73
By Your Side,Rod Wave,74
City Of Gods,Alicia Keys,75
Closer,Saweetie,76
Comeback As A Country Boy,Blake Shelton,77
Dos Orugitas,Sebastián Yatra,78
Freaky Deaky,Doja Cat,79
Ghost Story,Carrie Underwood,80
GIVE HEAVEN SOME HELL,HARDY,81
Golden Child,Lil Durk,82
Half of My Hometown,Kelsea Ballerini,83
High,The Chainsmokers,84
I Love You So,The Walters,85
I'm Tired,Labrinth,86
Idgaf,Dua Lipa,87
If I Was A Cowboy,Miranda Lambert,88
Maybe,Machine Gun Kelly,89
Money So Big,Yeat,90
Over,Lucky Dae,91
P Power,Gunna,92
Pressure,Ari Lennox,93
Rumors,Gucci Mane,94
She Likes It,Russell Dickerson,95
Smokin' Out The Window,Silk Sonic,96
Smoking & Thinking,Lil Durk,97
Tom's Diner,Susanne Vega,98
Waiting On A Miracle,Encanto,99
What Else Can I Do?,Encanto,100
