Title,Artist,ID
Ocean Avenue,Yellowcard,1
Hysteria,Muse,2
Boulevard of Broken Dreams,Green Day_,3
Can't Stop,Red Hot Chili Peppers,4
What I've Done,Linkin Park,5
Chop Suey,System of a Down,6
Seven Nation Army,The White Stripes,7
Mr. Brightside,The Killers,8
Kryptonite,3 Doors Down,9
Sugar We're Going Down,Fall Out Boy,10
Misery Business,Paramore,11
Dani California,Red Hot Chili Peppers,12
Holiday,Green Day,13
Last Resort,Papa Roach,14
In The End,Linkin Park,15
I Miss You,Blink-182,16
Californication,Red Hot Chili Peppers,17
You're Gonna Go Far Kid,The Offspring,18
Toxicity,System of a Down,19
Dance Dance,Fall Out Boy,20
The Middle,Jimmy Eat World,21
The Kill,Thirty Seconds to Mars,22
I Write Sins Not Tragedies,Panic! At the Disco,23
Take A Look Around,Limp Bizkit,24
Bring Me To Life,Evanescence,25
Savior,Rise Against,26
Numb,Linkin Park,27
Best Of You,Foo Fighters,28
The Diary Of Jane,Breaking Benjamin,29
Take Me Out,Franz Ferdinand,30
Welcome To The Black Parade,My Chemical Romance,31
I Hate Everything About You,Three Days Grace,32
Sex On Fire,Kings of Leon,33
I'm Not Okay,My Chemical Romance,34
Like A Stone,Audioslave,35
The Pretender,Foo Fighters,36
When You Were Young,The Killers,37
Face Down,The Red Jumpsuit Apparatus,38
It's Been Awhile,Staind,39
Island in the Sun,Weezer,40
She Hates Me,Puddle Of Mudd,41
Uprising HQ,Muse,42
Yellow,Coldplay,43
Smooth Criminal,Alien Ant Farm,44
American Idiot,Green Day,45
The Anthem,Good Charlotte,46
Thnks Fr Th Mmrs,Fall Out Boy,47
Paralyzer,Finger Eleven,48
All My Life,Foo Fighters,49
The Reason,Hoobastank,50
No One Knows,Queens of the Stone Age,51
In Too Deep,Sum-41,52
Supermassive Black Hole,Muse,53
First Date,Blink-182,54
Youth Of The Nation,P.O.D.,55
Rollin,Limp Bizkit,56
Complicated,Avril Lavigne,57
Gives You Hell,All-American Rejects,58
Fake It,Seether,59
Joker And The Thief,Wolfmother,60
Miss Murder,AFI,61
Higher,Creed,62
I'm Just A Kid,Simple Plan,63
Beverly Hills,Weezer,64
Dear Maria Count Me In,All Time Low,65
Use Somebody,Kings of Leon,66
Through Glass,Stone Sour,67
Wish You Were Here,Incubus,68
Last Nite,The Strokes,69
Steady As She Goes,The Raconteurs,70
Are You Gonna Be My Girl,Jet,71
Want You Bad,The Offspring,72
Welcome Home,Coheed and Cambria,73
Reptilia,The Strokes,74
Hate To Say I Told You So,The Hives,75
Jerk It Out,Caesars Palace,76
I Bet You Look Good On The Dancefloor,Arctic Monkeys,77
Float On,Modest Mouse,78
Your Touch,,79
A Punk,Vampire Weekend,80
You Know You're Right,Nirvana,81
Rock N Roll Train,AC/DC,82
Obstacle 1,Interpol,83
Banquet,Bloc Party,84
Hey There Delilah,Plain White T's,85
Little Sister,Queens of the Stone Age,86
Change In The House Of Flies,Deftones,87
Dig,Incubus,88
Woman,Wolfmother,89
The Bitter End,Placebo,90
Judith,A Perfect Circle,91
There There,Radiohead,92
The Taste Of Ink,The Used,93
Everyday Is Exactly The Same,Nine Inch Nails,94
Cute Without The E,Taking Back Sunday,95
Fell In Love With A Girl,The White Stripes,96
Stop Crying Your Heart Out,Oasis,97
Beautiful Day,U2,98
How You Remind Me,Nickelback,99
What I've Done,Linkin Park,100
